1,RT @MichaelTheMaven: Enter for a chance to win either a #a6300 or #Canon80D or #djiphantom4 https://t.co/xauCVD8Lyt @michaelthemaven https:â€¦,enter chance win either
1,RT @MichaelTheMaven: Enter for a chance to win either a #a6300 or #Canon80D or #djiphantom4 https://t.co/xauCVD8Lyt @michaelthemaven https:â€¦,enter chance win either
1,RT @MichaelTheMaven: Enter for a chance to win either a #a6300 or #Canon80D or #djiphantom4 https://t.co/xauCVD8Lyt @michaelthemaven https:â€¦,enter chance win either
1,RT @MichaelTheMaven: Enter for a chance to win either a #a6300 or #Canon80D or #djiphantom4 https://t.co/xauCVD8Lyt @michaelthemaven https:â€¦,enter chance win either
1,RT @MichaelTheMaven: Enter for a chance to win either a #a6300 or #Canon80D or #djiphantom4 https://t.co/xauCVD8Lyt @michaelthemaven https:â€¦,enter chance win either
1,RT @MichaelTheMaven: Enter for a chance to win either a #a6300 or #Canon80D or #djiphantom4 https://t.co/xauCVD8Lyt @michaelthemaven https:â€¦,enter chance win either
1,RT @MichaelTheMaven: Enter for a chance to win either a #a6300 or #Canon80D or #djiphantom4 https://t.co/xauCVD8Lyt @michaelthemaven https:â€¦,enter chance win either
1,RT @MichaelTheMaven: Enter for a chance to win either a #a6300 or #Canon80D or #djiphantom4 https://t.co/xauCVD8Lyt @michaelthemaven https:â€¦,enter chance win either
1,RT @MichaelTheMaven: Enter for a chance to win either a #a6300 or #Canon80D or #djiphantom4 https://t.co/xauCVD8Lyt @michaelthemaven https:â€¦,enter chance win either
1,RT @MichaelTheMaven: Enter for a chance to win either a #a6300 or #Canon80D or #djiphantom4 https://t.co/xauCVD8Lyt @michaelthemaven https:â€¦,enter chance win either
1,RT @MichaelTheMaven: Enter for a chance to win either a #a6300 or #Canon80D or #djiphantom4 https://t.co/xauCVD8Lyt @michaelthemaven https:â€¦,enter chance win either
1,RT @MichaelTheMaven: Enter for a chance to win either a #a6300 or #Canon80D or #djiphantom4 https://t.co/xauCVD8Lyt @michaelthemaven https:â€¦,enter chance win either
1,RT @MichaelTheMaven: Enter for a chance to win either a #a6300 or #Canon80D or #djiphantom4 https://t.co/xauCVD8Lyt @michaelthemaven https:â€¦,enter chance win either
1,RT @MichaelTheMaven: Enter for a chance to win either a #a6300 or #Canon80D or #djiphantom4 https://t.co/xauCVD8Lyt @michaelthemaven https:â€¦,enter chance win either
1,RT @MichaelTheMaven: Enter for a chance to win either a #a6300 or #Canon80D or #djiphantom4 https://t.co/xauCVD8Lyt @michaelthemaven https:â€¦,enter chance win either
1,RT @MichaelTheMaven: Enter for a chance to win either a #a6300 or #Canon80D or #djiphantom4 https://t.co/xauCVD8Lyt @michaelthemaven https:â€¦,enter chance win either
1,RT @MichaelTheMaven: Enter for a chance to win either a #a6300 or #Canon80D or #djiphantom4 https://t.co/xauCVD8Lyt @michaelthemaven https:â€¦,enter chance win either
1,RT @MichaelTheMaven: Enter for a chance to win either a #a6300 or #Canon80D or #djiphantom4 https://t.co/xauCVD8Lyt @michaelthemaven https:â€¦,enter chance win either
1,"""Enter for a chance to win either a #a6300 or #Canon80D or #djiphantom4
 https://t.co/LdEGJy9Tjx",enter chance win either
1,RT @MichaelTheMaven: Enter for a chance to win either a #a6300 or #Canon80D or #djiphantom4 https://t.co/xauCVD8Lyt @michaelthemaven https:â€¦,enter chance win either
1,RT @MichaelTheMaven: Enter for a chance to win either a #a6300 or #Canon80D or #djiphantom4 https://t.co/xauCVD8Lyt @michaelthemaven https:â€¦,enter chance win either
1,RT @MichaelTheMaven: Enter for a chance to win either a #a6300 or #Canon80D or #djiphantom4 https://t.co/xauCVD8Lyt @michaelthemaven https:â€¦,enter chance win either
1,RT @MichaelTheMaven: Enter for a chance to win either a #a6300 or #Canon80D or #djiphantom4 https://t.co/xauCVD8Lyt @michaelthemaven https:â€¦,enter chance win either
1,RT @MichaelTheMaven: Enter for a chance to win either a #a6300 or #Canon80D or #djiphantom4 https://t.co/xauCVD8Lyt @michaelthemaven https:â€¦,enter chance win either
1,RT @MichaelTheMaven: Enter for a chance to win either a #a6300 or #Canon80D or #djiphantom4 https://t.co/xauCVD8Lyt @michaelthemaven https:â€¦,enter chance win either
1,RT @MichaelTheMaven: Enter for a chance to win either a #a6300 or #Canon80D or #djiphantom4 https://t.co/xauCVD8Lyt @michaelthemaven https:â€¦,enter chance win either
1,RT @MichaelTheMaven: Enter for a chance to win either a #a6300 or #Canon80D or #djiphantom4 https://t.co/xauCVD8Lyt @michaelthemaven https:â€¦,enter chance win either
1,RT @MichaelTheMaven: Enter for a chance to win either a #a6300 or #Canon80D or #djiphantom4 https://t.co/xauCVD8Lyt @michaelthemaven https:â€¦,enter chance win either
1,RT @MichaelTheMaven: Enter for a chance to win either a #a6300 or #Canon80D or #djiphantom4 https://t.co/xauCVD8Lyt @michaelthemaven https:â€¦,enter chance win either
1,RT @MichaelTheMaven: Enter for a chance to win either a #a6300 or #Canon80D or #djiphantom4 https://t.co/xauCVD8Lyt @michaelthemaven https:â€¦,enter chance win either
1,RT @MichaelTheMaven: Enter for a chance to win either a #a6300 or #Canon80D or #djiphantom4 https://t.co/xauCVD8Lyt @michaelthemaven https:â€¦,enter chance win either
1,RT @MichaelTheMaven: Enter for a chance to win either a #a6300 or #Canon80D or #djiphantom4 https://t.co/xauCVD8Lyt @michaelthemaven https:â€¦,enter chance win either
1,RT @MichaelTheMaven: Enter for a chance to win either a #a6300 or #Canon80D or #djiphantom4 https://t.co/xauCVD8Lyt @michaelthemaven https:â€¦,enter chance win either
1,RT @MichaelTheMaven: Enter for a chance to win either a #a6300 or #Canon80D or #djiphantom4 https://t.co/xauCVD8Lyt @michaelthemaven https:â€¦,enter chance win either
1,RT @MichaelTheMaven: Enter for a chance to win either a #a6300 or #Canon80D or #djiphantom4 https://t.co/xauCVD8Lyt @michaelthemaven https:â€¦,enter chance win either
1,RT @MichaelTheMaven: Enter for a chance to win either a #a6300 or #Canon80D or #djiphantom4 https://t.co/xauCVD8Lyt @michaelthemaven https:â€¦,enter chance win either
1,RT @MichaelTheMaven: Enter for a chance to win either a #a6300 or #Canon80D or #djiphantom4 https://t.co/xauCVD8Lyt @michaelthemaven https:â€¦,enter chance win either
1,RT @MichaelTheMaven: Enter for a chance to win either a #a6300 or #Canon80D or #djiphantom4 https://t.co/xauCVD8Lyt @michaelthemaven https:â€¦,enter chance win either
1,RT @MichaelTheMaven: Enter for a chance to win either a #a6300 or #Canon80D or #djiphantom4 https://t.co/xauCVD8Lyt @michaelthemaven https:â€¦,enter chance win either
1,RT @MichaelTheMaven: Enter for a chance to win either a #a6300 or #Canon80D or #djiphantom4 https://t.co/xauCVD8Lyt @michaelthemaven https:â€¦,enter chance win either
1,RT @MichaelTheMaven: Enter for a chance to win either a #a6300 or #Canon80D or #djiphantom4 https://t.co/xauCVD8Lyt @michaelthemaven https:â€¦,enter chance win either
1,RT @MichaelTheMaven: Enter for a chance to win either a #a6300 or #Canon80D or #djiphantom4 https://t.co/xauCVD8Lyt @michaelthemaven https:â€¦,enter chance win either
1,RT @MichaelTheMaven: Enter for a chance to win either a #a6300 or #Canon80D or #djiphantom4 https://t.co/xauCVD8Lyt @michaelthemaven https:â€¦,enter chance win either
1,RT @MichaelTheMaven: Enter for a chance to win either a #a6300 or #Canon80D or #djiphantom4 https://t.co/xauCVD8Lyt @michaelthemaven https:â€¦,enter chance win either
1,RT @MichaelTheMaven: Enter for a chance to win either a #a6300 or #Canon80D or #djiphantom4 https://t.co/xauCVD8Lyt @michaelthemaven https:â€¦,enter chance win either
1,Enter for a chance to win either a #a6300 or #Canon80D or #djiphantom4 https://t.co/xauCVD8Lyt @michaelthemaven https://t.co/aBGvT96aCR,enter chance win either
1,Check out my new #Canon80D #DentalPhotography bundle at @BHPhotoVideo https://t.co/BKslDmlY7G https://t.co/Ke5QgI5cJK,check new bundle
1,RT @dentalphotoeasy: Check out my new #Canon80D #DentalPhotography bundle at @BHPhotoVideo https://t.co/BKslDmlY7G https://t.co/QJK9lh8gnV,check new bundle
1,"From last weekend ðŸŒ…
#lategram #canon80d #sunset #malaysia #artoftheday #potd #swaggie #nature @â€¦ https://t.co/wf75FuyHXn",last weekend ðŸŒ…
1,We Will Make Sure To Keep You UpTo Date On All The Leaked News And Images Of The #Canon80d ! https://t.co/0L5rM0HTrK,will make sure keep upto date leaked news images
-1,I need that #Canon80d release date,need release date
-1,@canonwatch @MrMarcusLee Just when I was thinking to plunge with the mirrorless @Sony system #canon80d,just thinking plunge mirrorless system
1,A Closer Look at the New Canon 80D DSLR Camera #photography #photo #photographer #Canon #image #foto #DSLR #Canon80D https://t.co/G2QeHulmjy,closer look new canon 80d dslr camera
